<?xml version="1.0" encoding="UTF-8"?>
<metadata tile="Cloud Fraction">
<Abstract xml:space="preserve">Cloud Fraction is derived from the cloud cover product generated using the radiance and reflectance measurements from the thermal infrared and visible channels respectively along with water vapour channel from Very High Resolution Radiometer (VHRR) onboard INSAT-3D. The approach followed is to generate a clear sky composite using visible and thermal channels and then applying thresholds to arrive at detection of a cloudy pixel. A pixel is defined as cloudy if it satisfies the conditions in all the three channels used. Cloud fraction products are being made available at half-hourly intervals (i.e. 48 acquisitions per day).</Abstract>
<MD_Keywords xml:space="preserve">Cloud Cover, Cloud Fraction, Insat-3D, VHRR</MD_Keywords>
<language>English</language>
<StartDate xml:space="preserve">01-10-2016</StartDate>
<StopDate xml:space="preserve">Present</StopDate>
<Geographic_Box xml:space="preserve">-10°N - 45.5°N; 44.5°E - 105.5°E</Geographic_Box>
<Units>meter^2/meter^2</Units>
<MD_Category xml:space="preserve">Indian landmass</MD_Category>
<Resolution>0.25° x 0.25° & 0.10° x 0.10°</Resolution>
<File_Format_Data>NetCDF</File_Format_Data>
<Theme>Atmosphere, Weather and Climate</Theme>
<Contact_Information>
<Contact_Address xml:space="preserve">Meteorology and Climates Science Division, Atmospheric and Climate Sciences Group, Earth and Climate Sciences Area</Contact_Address>
<Organisation xml:space="preserve">National Remote Sensing Centre, ISRO</Organisation>
<Mailing_Address>Balanagar</Mailing_Address>
<City>Hyderabad</City>
<Country>India</Country>
</Contact_Information>
</metadata>